new_path,source_id,role,bytes,sha256,source_url,source_reference,units,keys,years,coverage,retrieved_date,license,build_command,original_paths
data/processed/economic_features/quality.parquet,rosstat,processed_input,295937,f8a08d2fbbe649c28b300c7893dcc69bf6a37c22ada3f4a87c5fb527b9dd4975,https://rosstat.gov.ru/storage/mediabank/munst.htm,,mixed; see data/processed/economic_features/sector_feature_dictionary.csv;feature_dictionary_functional.csv,territory_id,"2021,2023; 2024 separate research endpoint",2190 native rows; nulls preserved,unknown,unknown; no new redistribution permission inferred,python -m solution.build_sector_features; python -m solution.functional_features_20261009; python -m solution.feature_signature_research,data/feature_research_20261009/quality.parquet
data/processed/economic_features/sector_feature_dictionary_2024.csv,rosstat,processed_input,68954,fac4fd8e23fb823039e063593e449fd0040b656542ad51111d8a42ff004674c8,https://rosstat.gov.ru/storage/mediabank/munst.htm,,mixed; see data/processed/economic_features/sector_feature_dictionary.csv;feature_dictionary_functional.csv,territory_id; year or snapshot_year on annual tables,"2021,2023; 2024 separate research endpoint",observed masks and feature coverage files retained; unknown observations stay unknown,unknown,unknown; no new redistribution permission inferred,python -m solution.build_sector_features; python -m solution.functional_features_20261009; python -m solution.feature_signature_research,data/feature_research_20261009/sector_feature_dictionary_2024.csv
data/processed/economic_features/sector_features_2024.parquet,rosstat,processed_input,3617405,abec5a242102a66de15f711505ec42aee6c632eb49521c8bf23bd94d16e70930,https://rosstat.gov.ru/storage/mediabank/munst.htm,,mixed; see data/processed/economic_features/sector_feature_dictionary.csv;feature_dictionary_functional.csv,territory_id,"2021,2023; 2024 separate research endpoint",2190 native rows; nulls preserved,unknown,unknown; no new redistribution permission inferred,python -m solution.build_sector_features; python -m solution.functional_features_20261009; python -m solution.feature_signature_research,data/feature_research_20261009/sector_features_2024.parquet
data/processed/economic_features/sector_manifest.json,rosstat,processed_input,5826,15eb0aecee245798707777cbe30479c36b00572db1bc643ca2d4463cac3731cb,https://rosstat.gov.ru/storage/mediabank/munst.htm,,mixed; see data/processed/economic_features/sector_feature_dictionary.csv;feature_dictionary_functional.csv,territory_id; year or snapshot_year on annual tables,"2021,2023; 2024 separate research endpoint",observed masks and feature coverage files retained; unknown observations stay unknown,unknown,unknown; no new redistribution permission inferred,python -m solution.build_sector_features; python -m solution.functional_features_20261009; python -m solution.feature_signature_research,data/feature_research_20261009/sector_manifest.json
data/processed/municipal_geometry/teammate_data_audit.json,sberindex,processed_input,13150,d61725eb758c11de395fb3bc9a2721b17a6831f77d625303faa7b498f3a4de1f,https://www.sberbank.com/common/files/t_dict_municipal.rar,,unknown; retain native file units,unknown,unknown,unknown; no missing values filled by migration,unknown,unknown; no new redistribution permission inferred,python -m solution.teammate_data,results/final/teammate_data_audit.json
data/processed/municipal_geometry/teammate_data_map.json,sberindex,processed_input,1153716,6c71d47ab8d136b5ce261bfd96b20b65c81a94e3df4856685f717c6412490a68,https://www.sberbank.com/common/files/t_dict_municipal.rar,,unknown; retain native file units,unknown,unknown,unknown; no missing values filled by migration,unknown,unknown; no new redistribution permission inferred,python -m solution.teammate_data,results/final/teammate_data_map.json
data/processed/municipalities/mo.parquet,sberindex,processed_input,338795,2566db8ebafb8f9966cd7af68484b0e5391c6f78df1e4bd3e64f5796d3c5f886,https://www.sberbank.com/common/files/t_dict_municipal.rar,,unknown; retain native file units,"territory_id,region_code,type",unknown,2660 native rows; nulls preserved,unknown,unknown; no new redistribution permission inferred,unknown; inherited source snapshot,SberIndex3/data/processed/mo.parquet;SberIndex_solved_1/SberIndex/data/processed/mo.parquet;additional/data/processed/mo.parquet
data/raw/sberindex/consumption.parquet,sberindex,source_snapshot,2373939,9833ddaaee7b2a182ed4cceeed16469031700ea87d508bd976150c6770ef8a61,https://sberindex.ru/api/files/download/7a675947-398d-45e6-8d61-c4299a6203be,,RUB per resident per month,"territory_id,date,category",2023-2024,303126 native rows; nulls preserved,unknown,unknown; no new redistribution permission inferred,unknown; inherited source snapshot,SberIndex3/data/raw/consumption.parquet;SberIndex_solved_1/SberIndex/data/raw/consumption.parquet;additional/data/raw/consumption.parquet;data/consumption.parquet
data/processed/economic_features/sector_features.parquet,rosstat,processed_input,3854862,5250557d39787a778e2e419cd177b77876dc6043953b5e6c1b968ad7482f60b3,https://rosstat.gov.ru/storage/mediabank/munst.htm,,mixed; see data/processed/economic_features/sector_feature_dictionary.csv;feature_dictionary_functional.csv,territory_id,"2021,2023; 2024 separate research endpoint",2190 native rows; nulls preserved,unknown,unknown; no new redistribution permission inferred,python -m solution.build_sector_features; python -m solution.functional_features_20261009; python -m solution.feature_signature_research,data/feature_research_20261009/sector_features.parquet
data/processed/economic_features/sector_feature_dictionary.csv,rosstat,processed_input,68966,e4c48d83ae19cfcd0a5f72d59dda579d8a360b61b4602649b716bc3fbf9349da,https://rosstat.gov.ru/storage/mediabank/munst.htm,,mixed; see data/processed/economic_features/sector_feature_dictionary.csv;feature_dictionary_functional.csv,territory_id; year or snapshot_year on annual tables,"2021,2023; 2024 separate research endpoint",observed masks and feature coverage files retained; unknown observations stay unknown,unknown,unknown; no new redistribution permission inferred,python -m solution.build_sector_features; python -m solution.functional_features_20261009; python -m solution.feature_signature_research,data/feature_research_20261009/sector_feature_dictionary.csv
data/raw/sberindex/market_access.parquet,sberindex,source_snapshot,25163,434258afe322b7e6e6610b2552d129ae47094613de72dae3d13f6965a28d1dc1,https://sberindex.ru/ru/research/data-sense-opisanie-nabora-dannikh-khakatona-sberindeksa-po-munitsipalnim-dannim,,index 0..1000,territory_id,2024,see data/README.md,2026-10,see source; cite publisher,python scripts/x13_colleague_context_inputs.py (research repo),
data/raw/sberindex/connection.parquet,sberindex,source_snapshot,21904682,20cbd5213d3ac1d0a867f097b485431811614b283d7366eb5cba9f65dc80493d,https://sberindex.ru/ru/research/data-sense-opisanie-nabora-dannikh-khakatona-sberindeksa-po-munitsipalnim-dannim,,km,"territory_id_x,territory_id_y,type",2024,see data/README.md,2026-10,see source; cite publisher,python scripts/x13_colleague_context_inputs.py (research repo),
data/context/mobility_index_szfo.csv,sberindex,processed_input,4979,6a2a6f3879a165e136426a7223be4891cf7ed80b7db637844996a3b2c7cb5474,https://sberindex.ru/ru/dashboards/indeks-mobilnosti,,km,territory_id,2024-2025,see data/README.md,2026-10,see source; cite publisher,python scripts/x13_colleague_context_inputs.py (research repo),
data/context/regional_cpi.parquet,cbr,processed_input,39723,7dc9b817e84526c6db7acbc107ab80bde09f8e46fa6473feb81d99c71f4d46d3,https://www.cbr.ru/Content/Document/File/175223/reg_cpd.xlsx,,% m/m; index Dec2022=100,"region_code,date",2022-2024,see data/README.md,2026-10,see source; cite publisher,python scripts/x13_colleague_context_inputs.py (research repo),
data/context/viirs_annual.parquet,eog_viirs,processed_input,97713,8f2c50392b902acf92ffa6fdb18633ba3a748e74428e50d36206cac3b5a1afac,https://eogdata.mines.edu/products/vnl/,,nW/cm2/sr summed over polygon,"territory_id,year",2023-2024,see data/README.md,2026-10,see source; cite publisher,python scripts/x13_colleague_context_inputs.py (research repo),
data/context/export_mo.csv,rosstat;company_disclosures,processed_input,5875,153ad1b7cc40a9310f85f2bde6d50dec71b835fee84198890838cae1ebf3c47b,https://rosstat.gov.ru/storage/mediabank/munst.htm,,category,territory_id,2021-2025,see data/README.md,2026-10,see source; cite publisher,python scripts/x13_colleague_context_inputs.py (research repo),
data/context/coverage_official.csv,pravo.gov.ru;rosstat,processed_input,319,a9c47d7c8f813ccbc04ecec9e1b4afc24782d64e4f3bbdca4bfea08805bd2cc1,http://publication.pravo.gov.ru/,,MO count; mln people,group,2022-2024,see data/README.md,2026-10,see source; cite publisher,python scripts/x13_colleague_context_inputs.py (research repo),
data/context/regions_official.csv,cbr;rosstat,processed_input,8578,391ee89285f03eec22300abeec8dda424de37a9beeb7369604dd0a475be88e3b,https://www.cbr.ru/statistics/bank_sector/sors/,,pp vs Russia; shares; USD per capita,region_key,2021-2024,see data/README.md,2026-10,see source; cite publisher,python scripts/x13_colleague_context_inputs.py (research repo),
data/context/events.csv,cbr;mchs;pravo.gov.ru;regional_government,processed_input,1137,78eadafe93abcaaff97aa0cf99f437ff7dde4c6e300c9b8ab9cdf86fec2c9825,http://publication.pravo.gov.ru/,,event list,event,2023-2024,see data/README.md,2026-10,see source; cite publisher,python scripts/x13_colleague_context_inputs.py (research repo),
data/context/national_types.csv,research_module,processed_input,303054,53151d6b36e462dc39bfa29db520d7128b23fd64400d6c451e8348a9c0452942,scripts/x13_colleague_context_inputs.py,,category,territory_id,2023-2024,see data/README.md,2026-10,see source; cite publisher,python scripts/x13_colleague_context_inputs.py (research repo),
data/context/research_labels.parquet,research_module,processed_input,25547,889c1a177381c02dc6814a22812ac15ceff5f649310fa7a1b8ec1633634b9087,scripts/x13_colleague_context_inputs.py,,labels,territory_id,2023-2024,see data/README.md,2026-10,see source; cite publisher,python scripts/x13_colleague_context_inputs.py (research repo),
data/context/research_labels_monthly.parquet,research_module,processed_input,521497,3bb1ba99ceb51c57df6c33bea91126607dd8cbd3b695176b62a7ba82e01cc60a,scripts/x13_colleague_context_inputs.py,,labels,"territory_id,month,method",2023-2024,see data/README.md,2026-10,see source; cite publisher,python scripts/x13_colleague_context_inputs.py (research repo),
